Company Name,Industry,Domain,Size,Description,2024 Revenue USD,Decision Maker,Event Name,Industry Fit,Size Fit,Revenue Fit,Overall Fit,Subject,Email Body
dbi signs,signage,dbi-asia.com,51-200,"European HQ office in Milano 
ASIA Head office in Shanghai & Factory in Xuzhou - Sales office in Beijing, Shanghai & Hong Kong",0.0,,ISA Sign Expo 2025,Best Fit,Mid Fit,Low Fit,Low Fit,Let's connect after dbi signs's showcase at the event,"Subject: Exploring Potential Collaboration Opportunities in Weather-Resistant Graphic Films 

Hi there,

I hope this message finds you well. My name is Aditi Rani Uppari, and I am reaching out from DuPont Tedlar, a global leader in the production of high-quality, weather-resistant films for a multitude of applications.

I recently came across dbi signs and was impressed by your strong market presence and extensive operations. With your European HQ office in Milano, and ASIA Head office in Shanghai, paired with your sales offices in Beijing, Shanghai & Hong Kong, I believe there is a great potential for an impactful partnership between our companies.

At DuPont Tedlar, we are always seeking innovative ways to enhance the durability and longevity of signage. Given dbi signs' expertise and reputation in the signage industry, I am confident that a collaboration could enable us to jointly develop exceptional weather-resistant graphic film applications. 

I'm looking forward to the ISA Sign Expo 2025 and I thought it could be a fantastic opportunity for us to meet and discuss potential areas of synergy. 

How does your schedule look during the Expo? I'd appreciate the chance to meet with you, discuss our ideas, and explore how a collaboration between DuPont Tedlar and dbi signs could mutually benefit us.

Looking forward to hearing from you soon.

Best regards,

Aditi Rani Uppari
DuPont Tedlar"
"Aurora Science and Technology Co., Ltd",technology,auroras.com.cn,51-200,"Aurora has been specialized in corporate image design, production and installation for advertisement signage over 15 years. 
We are offering package services including design, fabrication, engineering, project management, after-sale service and procurement consultant to our clients with famous brand in domestic and overseas. 
Our long-term clients mainly include Nike, McDonald's,Starbucks, Victoria's Secret, Bath and Body Works, Converse, Jordan, 7-11,   etc.",0.0,,ISA Sign Expo 2025,Mid Fit,Mid Fit,Low Fit,Mid Fit,"Let's connect after Aurora Science and Technology Co., Ltd's showcase at the event","Subject: Exploring Potential Collaboration Opportunities with DuPont Tedlar

Hi there,

I hope this email finds you well. My name is Aditi Rani Uppari and I am reaching out from DuPont Tedlar, a leading provider of weather-resistant graphic films. I came across Aurora Science and Technology Co., Ltd in my research and am impressed by your specialization in corporate image design, production, and installation for advertisement signage over the last 15 years.

Given your esteemed clientele such as Nike, McDonald's, Starbucks, and Victoria's Secret, among others, I believe there is a strong synergy between our organizations. At DuPont Tedlar, we pride ourselves on delivering superior quality and durability in our graphic film solutions, and I see a potential match with your commitment to providing comprehensive services to your clients.

I also noticed that you'll be attending the ISA Sign Expo 2025. As we are also participating, I thought it would be a great opportunity for us to meet and discuss how our weather-resistant graphic films could enhance the value proposition of your signage solutions.

Would you be available for a brief meeting during the Expo, or perhaps a call before the event to explore potential areas of collaboration? Please let me know a time that works best for you.

I look forward to our potential partnership and the opportunity to enhance your already impressive service offerings with our innovative solutions.

Best Regards,

Aditi Rani Uppari
DuPont Tedlar"
Easelly Wrap Design,graphics,easel.ly,2-10,Easel is a digital platform that helps you find and commission artists.,0.0,,ISA Sign Expo 2025,Best Fit,Low Fit,Low Fit,Low Fit,Let's connect after Easelly Wrap Design's showcase at the event,"Subject: Exploring Collaborative Opportunities for Weather-Resistant Graphic Film Solutions

Hi there,

I hope this message finds you well. My name is Aditi Rani Uppari, and I am reaching out from DuPont Tedlar, a global leader in high-performance materials.

I came across Easelly Wrap Design on your digital platform, and your company's strong market presence, as well as your commitment to connecting clients with talented artists, really stood out to me. Given that you're in the graphics industry, I believe we might have a fruitful area for collaboration.

Our team at DuPont Tedlar has developed a range of weather-resistant graphic film applications that could greatly enhance the durability and longevity of artwork commissioned through your platform. These films protect graphics from the harshest environmental conditions, ensuring they retain their vibrant colors and intricate details for years to come.

In light of this, I am reaching out to explore potential opportunities for collaboration. Your dedication to providing high-quality, customizable art solutions aligns perfectly with our commitment to protecting and preserving these creations.

I will be attending the ISA Sign Expo 2025 and would love to take the opportunity to discuss in person how our weather-resistant films could add value to your company and your clients. Alternatively, if you'd prefer to have a preliminary discussion over a call or video conference, I would be more than happy to arrange one at your earliest convenience.

I genuinely believe that this potential partnership could be a great fit for both our companies, and I look forward to exploring this exciting opportunity further.

Could we set up a time to discuss this in more detail?

Thank you for considering this proposal. I look forward to your response.

Best regards,

Aditi Rani Uppari
DuPont Tedlar"
Laguna Tools Inc.,tools,lagunatools.com,51-200,"Laguna Tools, based in Grand Prairie, Texas, has been leading the industry in woodworking innovations for over 40 years and continues to challenge the industry with new advancements. At Laguna Tools we aim to be “globally local” as we are involved in many community outreach programs in which we offer our time, support, products, and services.",0.0,Catherine Helshoj,ISA Sign Expo 2025,Mid Fit,Mid Fit,Low Fit,Mid Fit,Let's connect after Laguna Tools Inc.'s showcase at the event,"Subject: Potential Collaboration for Advanced Graphic Film Solutions 

Hi Catherine Helshoj,

I hope this message finds you well. My name is Aditi Rani Uppari, and I represent DuPont Tedlar. We are known globally for our high-quality, weather-resistant graphic film applications.

Laguna Tools Inc.'s impressive history spanning over 40 years, along with your commitment to innovation and community outreach, caught my attention. Your strong presence in the tools industry and emphasis on quality aligns perfectly with our offerings at DuPont Tedlar.

Given your company's dedication to innovative product development, I believe our weather-resistant graphic films could be of great interest to you. Our films offer enhanced durability and longevity for outdoor tools and equipment, providing an additional level of value to your customers.

I understand that you are planning to attend the ISA Sign Expo 2025, and I believe this could be an excellent opportunity for us to discuss potential areas of collaboration. Our team will also be present at the event, and we would love to explore how our products can support Laguna Tools' mission and contribute positively to your ongoing success.

Could we schedule a meeting during the expo, or would you prefer to have a preliminary conversation over the phone or via a virtual platform before the event?

Looking forward to the potential of working together and hearing from you soon.

Best regards,

Aditi Rani Uppari
DuPont Tedlar"
Photo Tex,graphics,phototexgroup.com,51-200,"Xante Corporation provides affordable, state-of-the-art digital imaging, printing and prepress solutions for commercial offset, flexo, in-plant, and specialty printers worldwide. 

Xante Corporation headquarters is located in Mobile, Alabama, USA, with offices in Duiven, The Netherlands; and Zhengzhou, China. Xante products are distributed through a world-wide network of reseller and distribution partners. 

For more information call in U.S. and Canada: 251.473.6502, in Europe: +31 (0) 26.319.3210 or visit xante.com 

Mobile, AL 36606 
USA 
http://xante.com",19200000.0,Mark Priede,ISA Sign Expo 2025,Best Fit,Mid Fit,Mid Fit,Mid Fit,Let's connect after Photo Tex's showcase at the event,"Subject: Exploring Collaborative Opportunities in Weather-Resistant Graphic Film Applications

Hi Mark Priede,

I hope this email finds you well. My name is Aditi Rani Uppari, and I am reaching out from DuPont Tedlar, a global leader in advanced material and process solutions.

We've been closely following the innovative solutions offered by Photo Tex in the graphics industry and have been particularly impressed with the cutting-edge digital imaging, printing, and prepress solutions that your company provides. With over $19,200,000 in annual revenue and a strong network of reseller and distribution partners, your company has certainly set a high bar in the industry.

We believe there's a good potential match between our companies, especially with regards to weather-resistant graphic film applications. DuPont Tedlar has been pioneering in this field, and we feel that a partnership could greatly benefit both of our businesses.

Given this, I am writing to invite you to explore a potential collaboration between our companies. There's an upcoming event, the ISA Sign Expo 2025, which could serve as a great platform for us to discuss this further. 

Could we arrange a meeting during the expo or perhaps a call prior to the event to discuss potential areas of collaboration, and how we can drive mutual growth?

Looking forward to your thoughts.

Best Regards,

Aditi Rani Uppari
DuPont Tedlar"
Duraluxe Inc.,printing,duraluxepanels.com,11-50,"Duraluxe, the global leader in the manufacturing of technically advanced, patented, eco-friendly powder coated dye sublimatable aluminum panels for the photo and sign industry. Captivate your audience like never before with Duraluxe High Definition Ultimate Photo Panels in eight finishes. Trust Duraluxe to preserve your images for generations to come. See and Touch the Duraluxe difference.",0.0,,ISA Sign Expo 2025,Mid Fit,Low Fit,Low Fit,Low Fit,Let's connect after Duraluxe Inc.'s showcase at the event,"Subject: Exploring Potential Collaboration Between DuPont Tedlar and Duraluxe Inc.

Hi there,

I hope this email finds you well. My name is Aditi Rani Uppari, and I represent DuPont Tedlar, a global leader in the provision of high-quality, durable, and weather-resistant graphic film solutions.

Having familiarized myself with your company, Duraluxe Inc., I am deeply impressed with your patented, eco-friendly powder coated dye sublimatable aluminum panels. Your commitment to quality and innovation, evident in your High Definition Ultimate Photo Panels, aligns with our values at DuPont Tedlar. 

Given our respective positions within the industry, I believe there is a potential for a mutually beneficial collaboration. Our weather-resistant graphic films could significantly enhance the durability and lifespan of your panels, bolstering their appeal to customers seeking long-lasting, vibrant signage solutions.

I am aware that the ISA Sign Expo 2025 is on the horizon, which I believe could provide an excellent opportunity for us to discuss this potential partnership further. Given your strong market presence and our shared commitment to delivering high-quality products, I am confident that a partnership between DuPont Tedlar and Duraluxe Inc. would yield fruitful results for both our entities.

Would you be available for a meeting during the ISA Sign Expo 2025, or perhaps a pre-event call to discuss a potential collaboration in more depth?

Looking forward to hearing from you soon.

Best Regards,
Aditi Rani Uppari
DuPont Tedlar"
EPM INTERNATIONAL TRADE LLC,trade,epm-international.com,501-1000,"EPM International is a leading provider of full life cycle services for Enterprise Performance Management (EPM). Our services range from defining leading edge performance management processes and an associated performance management roadmap through to project management, implementation and application management services. The depth and focus of our EPM application skills are unparalleled and enable us to command a leading presence within the EPM sector. These EPM application skills are supplemented with finance, information technology, business and process skills. It is this holistic skill set with our passion for excellence, dedication and focus to our client’s situation which truly creates sustainable value.

If you work with EPM International members you get full access to the resources and expertise of your local EPM International member but supplemented by the additional expertise, competence and deep collective EPM research, knowledge and technical skills of all EPM International members. This gives you access to the largest specialist EPM network in the world.

The only integrated EPM consulting network with global reach",0.0,,ISA Sign Expo 2025,Low Fit,Best Fit,Low Fit,Low Fit,Let's connect after EPM INTERNATIONAL TRADE LLC's showcase at the event,"Subject: Exploring Collaboration Opportunities in Graphic Film Applications

Hi there,

I hope this message finds you well. My name is Aditi Rani Uppari and I represent DuPont Tedlar, a renowned leader in the production of high-quality, weather-resistant graphic film applications. 

Upon thorough research and analysis of EPM INTERNATIONAL TRADE LLC's impressive track record in providing full life cycle services for Enterprise Performance Management (EPM), I believe there's a significant potential for a beneficial partnership between our organizations.

Your commitment to delivering leading-edge performance management processes and the depth of your application skills have not only enabled you to command a strong presence within the EPM sector but also aligns closely with our dedication to excellence. 

We at DuPont Tedlar are constantly seeking to collaborate with industry leaders like you to expand the reach and application of our innovative products. I see a great fit in our values and capabilities which could lead to collaborative opportunities, particularly in the utilization of our weather-resistant graphic film applications.

We are planning to showcase our latest offerings at the ISA Sign Expo 2025 and I believe this could be a great platform for our potential collaboration. I am confident that combining your expertise in EPM and our innovative solutions could lead to significant mutual benefits and a stronger market presence.

Would you be open to discussing this potential collaboration further? I am happy to arrange a call or meeting at your earliest convenience to explore the possibilities.

Thank you for considering this opportunity. I am looking forward to hearing from you soon.

Best regards,

Aditi Rani Uppari
DuPont Tedlar"
4Ever Products,products,4everproducts.com,11-50,"4Ever Products is headquartered in Bloomington, Indiana  and was founded in 1998 as a manufacturer of architectural signage.

4Ever Products has developed a complete line up of architectural sign frames and real estate posts over the last 25 years. 4Ever Products products are designed for applications such as universities, office parks, homeowner associations,  planned communities, hotels, shopping malls, golf courses, and industrial parks.",0.0,,ISA Sign Expo 2025,Low Fit,Low Fit,Low Fit,Low Fit,Let's connect after 4Ever Products's showcase at the event,"Subject: Exploring New Opportunities in Weather-Resistant Graphic Film Applications

Hi there,

I hope this message finds you well. My name is Aditi Rani Uppari and I am reaching out on behalf of DuPont Tedlar. 

For nearly three decades, DuPont Tedlar has been a leader in the manufacturing of high-performance films, known for their durability and ability to withstand the harshest of weather conditions. Given your company's impressive track record in creating architectural sign frames and real estate posts, I believe a partnership between our companies could lead to innovative advancements in weather-resistant graphic film applications.

4Ever Products' established market presence and commitment to quality align perfectly with DuPont Tedlar's values and objectives. Your broad reach in various sectors, such as universities, office parks, homeowner associations, planned communities, and more, opens up a vast array of opportunities for collaboration.

I will be attending the ISA Sign Expo 2025 and I think it would be a great opportunity for us to meet and discuss how our companies might collaborate to create value in the products industry. 

Would you be available for a meeting during the expo, or at your earliest convenience, to discuss this potential partnership further? I am confident that together, DuPont Tedlar and 4Ever Products can revolutionize the way the industry looks at weather-resistant applications.

I look forward to your positive response.

Best regards,

Aditi Rani Uppari
DuPont Tedlar"
AA LED Supply Corp.,LED supply,aaleds.com,11-50,,0.0,,ISA Sign Expo 2025,Low Fit,Low Fit,Low Fit,Low Fit,Let's connect after AA LED Supply Corp.'s showcase at the event,"Subject: Exploring Potential Collaboration with DuPont Tedlar

Hi there,

I hope this email finds you well. My name is Aditi Rani Uppari and I am reaching out from DuPont Tedlar. 

Our team has taken note of AA LED Supply Corp.'s strong market presence in the LED supply industry, particularly given your size of 11-50 employees. Your reputation as a notable player in this space precedes you, and we believe there is a good potential match between our organizations.

At DuPont Tedlar, we specialize in providing durable, weather-resistant graphic film solutions that can significantly enhance the lifespan and performance of LED displays. Our products can help LED suppliers like you deliver even more value to your customers.

I am writing today to propose a potential collaboration around our weather-resistant graphic film applications. We believe that our proven solutions could be a valuable addition to your product line, helping you to further solidify your market position.

I will be attending the upcoming ISA Sign Expo 2025. Would it be possible to arrange a meeting during the event to discuss this potential collaboration in more detail? Alternatively, I would be more than happy to arrange a call or video conference at a time that suits you.

Thank you for considering this opportunity. I look forward to hearing from you soon.

Best regards,

Aditi Rani Uppari
DuPont Tedlar"
"Component Signage, Inc.",signage,componentsignage.com,11-50,"Component Signage, Inc. is an industry leading wholesale manufacturer of architectural signage ranging from post and panel, directional/wayfinding, wall mount, monument, pylon, LED & florescent illumination, interior signs, and mill finish extrusions. All products are factory direct, sold strictly to the trade, and are completed with industry-leading turn around time. Contact us today for any quote requests or technical questions you may have.",0.0,Zac Early,ISA Sign Expo 2025,Best Fit,Low Fit,Low Fit,Low Fit,"Let's connect after Component Signage, Inc.'s showcase at the event","Subject: Exploring Innovative Collaboration Opportunities with DuPont Tedlar

Hi Zac Early,

I hope this email finds you well. I am Aditi Rani Uppari from DuPont Tedlar.

I came across Component Signage, Inc. while researching leading manufacturers in the architectural signage industry and I was immensely impressed by your comprehensive product range and your phenomenal turnaround time. Your dedication to quality and innovation aligns well with our ethos at DuPont Tedlar. 

We are a trusted provider of durable and weather-resistant graphic film solutions, and I believe our products could greatly enhance the longevity and aesthetic appeal of your signage applications, irrespective of extreme weather conditions. 

In light of your strong market presence and our shared commitment to delivering exceptional products, I see a promising potential for a mutually beneficial collaboration between our companies. 

I understand that you'll be attending the ISA Sign Expo 2025. Would this event present a good opportunity for us to meet and discuss how a partnership could be of benefit to Component Signage, Inc.? Alternatively, I would be more than happy to arrange a call or a meeting at your convenience to delve into this potential collaboration further.

I am looking forward to hearing from you soon.

Best Regards,
Aditi Rani Uppari
DuPont Tedlar"
CALIFORNIA GLOBAL-SIGNS INFORMATION TECHNOLOGY CO INC,signage,drupa.com,,,0.0,,ISA Sign Expo 2025,Best Fit,Low Fit,Low Fit,Low Fit,Let's connect after CALIFORNIA GLOBAL-SIGNS INFORMATION TECHNOLOGY CO INC's showcase at the event,"Subject: Potential Collaboration for Weather-Resistant Graphic Film Applications

Hi there,

I hope this email finds you well. My name is Aditi Rani Uppari and I represent DuPont Tedlar, a leading supplier of high-performance materials. I came across your esteemed organization, CALIFORNIA GLOBAL-SIGNS INFORMATION TECHNOLOGY CO INC, and was impressed by your strong market presence in the signage industry.

Given your prominence and our innovative solutions, I believe a collaboration would be mutually beneficial. Our weather-resistant graphic film applications have been well-received in the industry for their durability and aesthetic appeal. I am confident that integrating our advanced materials into your signage solutions would significantly enhance their performance and longevity.

I understand that the ISA Sign Expo 2025 is on the horizon, and I believe it’s an excellent opportunity for us to explore this potential partnership further. 

Would it be possible for us to schedule a meeting during the event or perhaps a call prior to discuss potential synergies between our companies? I am eager to explore how we can work together to create superior signage solutions that will further consolidate your industry standing.

I look forward to hearing from you soon.

Best regards,

Aditi Rani Uppari
DuPont Tedlar"
"Anhui Angran Green Technology Co.,Ltd.",technology,alibaba.com,"10,001+ ","The first business of Alibaba Group, Alibaba.com (www.alibaba.com) is the leading platform for global wholesale trade serving millions of buyers and suppliers around the world. Through Alibaba.com, small businesses can sell their products to companies in other countries. Sellers on Alibaba.com are typically manufacturers and distributors based in China and other manufacturing countries such as India, Pakistan, the United States and Thailand.

Our Mission
As part of the Alibaba Group, our mission is to make it easy to do business anywhere.  We do this by giving suppliers the tools necessary to reach a global audience for their products, and by helping buyers find products and suppliers quickly and efficiently.

One-Stop Sourcing
Alibaba.com brings you hundreds of millions of products in over 40 different major categories, including consumer electronics, machinery and apparel.
Buyers for these products are located in 190+ countries and regions, and exchange hundreds of thousands of messages with suppliers on the platform each day.

Anytime, Anywhere
As a platform, we continue to develop services to help businesses do more and discover new opportunities. 
Whether it’s sourcing from your mobile phone or contacting suppliers in their local language, turn to Alibaba.com for all your global business needs.",129715949472.0,Hugo Huang,ISA Sign Expo 2025,Mid Fit,Low Fit,Best Fit,Low Fit,"Let's connect after Anhui Angran Green Technology Co.,Ltd.'s showcase at the event","Subject: DuPont Tedlar Weather-Resistant Graphic Film Solutions for Anhui Angran Green Technology

Hi Hugo Huang,

I hope this email finds you well. My name is Aditi Rani Uppari, and I represent DuPont Tedlar, a reputable firm recognized for our high-quality weather-resistant graphic films. 

I recently came across Anhui Angran Green Technology Co., Ltd. on Alibaba.com and was intrigued by the significant presence and influence your company has, with over $129,715,949,472 in annual revenue. As a leading platform for global wholesale trade, you've successfully created a space for small businesses to sell their products to companies in other countries, which is truly commendable.

At DuPont Tedlar, we share your mission of making business easy anywhere by providing top-notch products. Our weather-resistant graphic films are designed to offer long-lasting protection against UV rays, graffiti, and harsh weather conditions, making them ideal for outdoor applications. 

Given the size of your company and the industries you serve, I see a good potential match between our offerings and your needs. I believe that our weather-resistant graphic films could provide immense value to your clients looking for durable and reliable solutions for their signage and graphics applications.

I will be attending the ISA Sign Expo 2025, and I would be delighted if we could arrange a meeting to discuss potential collaboration opportunities. It would be a great platform to introduce you to the unique benefits and applications of our products.

Please let me know a date and time that works best for you for this meeting, or if there's another venue you'd prefer for our discussion.

Looking forward to your positive response, and the opportunity to start a potentially fruitful collaboration with Anhui Angran Green Technology Co., Ltd.

Warm Regards,

Aditi Rani Uppari,
DuPont Tedlar."
"Cirrus Systems, Inc.",signage,cirrusled.com,51-200,"Cirrus is a technology and digital solutions provider that is changing the industry by making high-quality, high-definition digital signage an affordable solution for our customers.

Our purpose is found in the magic of working with customers in building solutions that work. We aren't just another digital signage manufacturer. We stand out as a team of engineers, sales professionals, creatives, and service experts who continually learn from our customers’ challenges. By investing time in understanding that no two solutions are alike, we believe we can enable our customers to truly maximize their unique on-prem marketing potential.  

Our journey began with the vision of engineering and manufacturing outdoor digital signage in a more cost-effective way. Today, we offer a complete suite of tools, from indoor and outdoor signage, to analytics software and hardware monitoring, that provide real-time insights while simultaneously empowering businesses and organizations to make informed decisions on its growth. 

Only Cirrus offers five distinctive product lines, each designed to address specific aspects of business needs: Outdoor Displays, Digital Window Posters, Media Players, People Counters, and Car Trackers – all seamlessly integrated under a single cloud-based software platform. We developed our easy-to-use digital signage software, ScreenHub, to make it simple for our customers to manage signs and create content. With free training for every Cirrus sign owner, we teach our customers to create dynamic, smart, and engaging messages that resonate. 

Join us and be part of a team of talented, ambitious, creative people that value integrity, individuality, and inclusivity. We are one team with diverse perspectives that make us stronger. And together, we're revolutionizing the way people and businesses create the best customer experiences.

We’re hiring! Learn more at: www.cirrusled.com/careers",0.0,Alex Shear,ISA Sign Expo 2025,Best Fit,Mid Fit,Low Fit,Low Fit,"Let's connect after Cirrus Systems, Inc.'s showcase at the event","Subject: Exploring Collaborative Opportunities with DuPont Tedlar 

Hi Alex Shear,

I am Aditi Rani Uppari from DuPont Tedlar. We specialize in the production of weather-resistant graphic film applications, and I am writing to you after closely studying Cirrus Systems' impressive strides in the signage industry. 

Your innovative approach and commitment to providing cost-effective, high-quality digital signage solutions align well with our own values and product offerings. I am particularly impressed by your emphasis on understanding customer challenges and tailoring solutions accordingly. 

At DuPont Tedlar, we continually strive to push the boundaries of what our materials can do. Our weather-resistant films, I believe, could significantly enhance the durability and longevity of your digital signage products, thereby providing even greater value to your customers.

Given our mutual focus on innovation and customer satisfaction, I see a great potential for collaboration between DuPont Tedlar and Cirrus Systems, particularly in relation to the upcoming ISA Sign Expo 2025. Our combined efforts could create a truly differentiated offering in the signage industry.

I would be delighted to discuss further how our companies can collaborate to leverage our strengths and capitalize on the opportunities in the market. Would you be available for a brief virtual meeting next week to explore this potential partnership?

Looking forward to your positive response.

Best Regards,

Aditi Rani Uppari
DuPont Tedlar"
Aludecor,printing,aludecor.com,201-500,"Aludecor Lamination Pvt. Ltd., is the first in India to introduce Double Coat, Double Bake line that ensures high-quality coating. The seed of success was sown in 2004. Since then Aludecor has been growing rapidly and commanding an unshaken trust.

New and unique colors, textures and properties emerge in our products manufactured at our world class plant at Haridwar. We source our raw materials from the world's best suppliers such as Hindalco, Henkel, Dupont, PPG, AkzoNobel, Berger Becker etc. 

Our ACPs are manufactured with lead-free paints and completely recyclable materials. Some of the components constituting our products are made of recycled material, thus making our panels green building products. 

We maintain stringent quality checks in our manufacturing processes so that our products can pass any international standards for Coated and Composite Products. Quality Assurance tests take place online as well as in our fully equipped labs where tests of AAMA and ECCA standards can be conducted.


Feel free to contact us: info@aludecor.com; Toll free: 1800 102 0407",6458380.0,Sayantani Acharya,ISA Sign Expo 2025,Mid Fit,Mid Fit,Low Fit,Mid Fit,Let's connect after Aludecor's showcase at the event,"Subject: Exploring New Collaborative Opportunities with DuPont Tedlar

Hi Sayantani Acharya,

I hope this email finds you well. My name is Aditi Rani Uppari and I represent DuPont Tedlar, a pioneer in the production of high-quality, weather-resistant graphic film applications.

Having come across Aludecor, I was particularly impressed with your commitment to quality and sustainability, and the remarkable growth you have achieved since your inception in 2004. Your dedication to producing lead-free, recyclable products aligns perfectly with our ethos at DuPont Tedlar.

I believe there is a significant opportunity for our companies to collaborate and bring innovative solutions to the printing industry. Our weather-resistant graphic film applications could complement your existing product range, adding value and increasing the durability of your offerings.

Given the good potential match, I am writing to gauge your interest in exploring this prospect further. I will be attending the ISA Sign Expo 2025 and would welcome the opportunity to meet and discuss how a potential collaboration could mutually benefit our organizations.

Please let me know if you would be available for a brief meeting during the expo, or at another convenient time for you. I look forward to hearing your thoughts on this potential collaboration.

Best Regards,

Aditi Rani Uppari
Business Development Executive
DuPont Tedlar"
CGS Imaging,printing,cgs-imaging.com,11-50,"CGS Imaging is a full-service graphics manufacturer, specializing in wide format and grand format imaging applications. As a leader in the digital printing industry, we enlist the latest techniques, materials and technologies to help our clients achieve maximum impact.

Our team at CGS Imaging relies on expertise and experience to provide quick turnaround and extremely competitive pricing, without sacrificing the exceptional quality and customer service we are known for delivering.",0.0,Paul J. (PJ) Phillips,ISA Sign Expo 2025,Mid Fit,Low Fit,Low Fit,Low Fit,Let's connect after CGS Imaging's showcase at the event,"Subject: Exploring Potential Collaboration Opportunities with DuPont Tedlar

Hi Paul J. (PJ) Phillips,

I hope this message finds you well. My name is Aditi Rani Uppari, and I am reaching out on behalf of DuPont Tedlar.

We have been closely following CGS Imaging's work, appreciating your commitment to quality, and your innovation in wide format and grand format imaging applications. Your reputation for achieving maximum impact with the latest techniques, materials, and technologies precedes you. 

At DuPont Tedlar, we specialize in providing durable, weather-resistant graphic films. Our products could align well with your digital printing services, potentially adding an even greater degree of longevity and resilience to your finished pieces.

I believe our collaboration could be a good potential match, and I would love to explore how we might be able to work together to enhance the value we offer to our respective clients.

I am planning to attend the ISA Sign Expo 2025 and I thought it might be a great opportunity for us to meet in person. Would you be available for a brief meeting during the event, or at a time that works for you, to discuss potential collaboration possibilities?

Looking forward to hearing from you.

Best regards,

Aditi Rani Uppari
DuPont Tedlar"
Fusion LED Digital Displays,digital displays,fusionled.us,11-50,"Sign-Express was established in 1998 and offers sign solutions nationwide.  Located centrally in Houston Texas, Sign-Express is a complete sign company specializing in sign design, sign permitting, site survey services, lighted signs, LED signs and sign monuments in the great state of Texas.  Sign-Express has been operating for more than seventeen years providing sign solutions for businesses and organizations nationwide.  We take pride in providing the best sign solutions that are both cost effective and provide the greatest impact to any business or organization.",0.0,Richard James,ISA Sign Expo 2025,Low Fit,Low Fit,Low Fit,Low Fit,Let's connect after Fusion LED Digital Displays's showcase at the event,"Subject: Exploring Opportunities for Collaboration at ISA Sign Expo 2025

Dear Richard James,

I hope this email finds you well. My name is Aditi Rani Uppari, and I represent DuPont Tedlar, a global leader in weather-resistant graphic film applications.

I came across Fusion LED Digital Displays in my research and was impressed by your strong market presence and dedication to providing high-quality sign solutions for over seventeen years. Your expertise in LED signs, sign design, and site survey services, particularly in the Texas region, caught my attention.

At DuPont Tedlar, we are continually seeking innovative ways to enhance our product offerings, and I believe collaborating with your experienced team could be mutually beneficial. We have a range of weather-resistant films that could significantly enhance the durability and longevity of your LED signs, potentially offering your customers even greater value. 

I will be attending the ISA Sign Expo 2025 and would welcome the opportunity to discuss how our products could help Fusion LED Digital Displays further stand out in the competitive digital display industry. 

Could we perhaps schedule a meeting during the expo to explore possible synergies? Or, if more convenient for you, we could arrange a call prior to the event.

Looking forward to your response and the possibility of a fruitful collaboration.

Best regards,

Aditi Rani Uppari
DuPont Tedlar"
Arter Neon Sign Inc,signage,arterneon.com,11-50,,,,ISA Sign Expo 2025,Best Fit,Low Fit,Low Fit,Low Fit,Let's connect after Arter Neon Sign Inc's showcase at the event,"Subject: Exploring Potential Collaboration for Weather-Resistant Graphic Film Applications

Hi there,

I hope this email finds you well. My name is Aditi Rani Uppari and I'm reaching out on behalf of DuPont Tedlar, a leading provider of durable and weather-resistant materials that enhance the lifespan and aesthetics of signage.

Your company, Arter Neon Sign Inc, has been on our radar due to its strong market presence and reputation as a notable player in the signage industry. We believe there is a good potential match between our product offerings and your innovative sign solutions.

Our team will be attending the ISA Sign Expo 2025 and we would be thrilled to have an opportunity to discuss how our weather-resistant graphic film applications could add significant value to your product line, ensuring your signs retain their vibrant colors and clarity even in the harshest weather conditions.

Would you be open to a preliminary discussion or meeting at the expo to explore potential synergies and collaboration opportunities?

We are confident that a partnership between DuPont Tedlar and Arter Neon Sign Inc could lead to mutual growth and success in the signage industry.

Looking forward to your response.

Best Regards,
Aditi Rani Uppari
DuPont Tedlar"
Canon USA,printing,canon.com,"5,001-10,000","In this age of digital transformation, companies must adopt new technologies for document and information management or risk falling behind. But you don't have to figure it out alone! Canon's leadership expertise, innovative products and dedicated technology partners can help you navigate the process every step of the way.",29765000000.0,Valerie Belli,ISA Sign Expo 2025,Mid Fit,Low Fit,Best Fit,Low Fit,Let's connect after Canon USA's showcase at the event,"Subject: Exploring New Possibilities with DuPont Tedlar & Canon USA

Hi Valerie Belli,

I hope this email finds you well. My name is Aditi Rani Uppari, and I'm reaching out from DuPont Tedlar.

As we approach the ISA Sign Expo 2025, I wanted to bring to your attention a unique opportunity that could be of great interest to Canon USA. With your impressive annual revenue of over $29,765,000,000 and your commitment to pioneering innovation in the printing industry, we believe there's a significant potential for collaboration between our companies.

At DuPont Tedlar, we have been developing state-of-the-art weather-resistant graphic film applications, which I believe could complement Canon's existing product range and strengthen your offerings in the market. Given Canon's leadership expertise and dedication to integrating new technologies for document and information management, I am confident that our weather-resistant solutions could provide added value to your customers, thus enhancing your competitive edge in this digital age.

I would be delighted to discuss how a partnership could be mutually beneficial and help us both navigate the evolving business landscape.

Could we set up a meeting to discuss this potential collaboration in more detail? I am flexible with timings and can adapt to your schedule.

Thank you for considering this opportunity. I look forward to your response.

Best Regards,

Aditi Rani Uppari
DuPont Tedlar"
3M Commercial Solutions,films and graphics,3m.com,"10,001+ ","3M touches virtually every part of your life. Our people and technology make the impossible, possible. Every day we apply our science to enhance people’s lives. This is 3M Science. Applied to Life.",24575000000.0,Clayton Ciomperlik,ISA Sign Expo 2025,Best Fit,Low Fit,Best Fit,Best Fit,3M Commercial Solutions x Trade Show Growth Opportunity,"Subject: Exploring Synergies in Graphic Film Applications

Hi Clayton Ciomperlik,

I hope this email finds you well. My name is Aditi Rani Uppari and I represent DuPont Tedlar.

I recently came across 3M Commercial Solutions and was very impressed by how your company's innovative approach is touching virtually every part of our lives. Your application of science to enhance people’s lives, aptly named '3M Science. Applied to Life', truly resonates with us at DuPont Tedlar.

Our team noticed a strong match between our weather-resistant graphic film applications and your business needs. Given your company size and significant annual revenue, we believe that our potential collaboration can contribute to your continued success and growth in the films and graphics industry.

As we both plan to attend the upcoming ISA Sign Expo 2025, I thought it would be an excellent opportunity for us to connect and explore this potential synergy. DuPont Tedlar is always open to collaborate with forward-thinking companies like 3M Commercial Solutions to drive innovation.

Can we arrange a meeting during the expo or a call prior to discuss how our collaboration can potentially enhance your product offerings?

Looking forward to your response and the opportunity to work together.

Best Regards,

Aditi Rani Uppari
DuPont Tedlar"
Avery Dennison Graphics Solutions,"films, graphics, signage",averydennison.com,"10,001+ ","We are a global materials science and digital identification solutions company with locations in over 50 countries, and approximately 35,000 employees worldwide.

We are Making Possible products and solutions that provide branding and information solutions that optimize labor and supply chain efficiency, reduce waste, advance sustainability, circularity and transparency, and better connect brands and consumers. We design and develop labeling and functional materials, radio frequency identification (RFID) inlays and tags, software applications that connect the physical and digital, and offerings that carry information that improves the customer experience. 

We lead in serving an array of industries worldwide — including home and personal care, apparel, general retail, e-commerce, logistics, food and grocery, pharmaceuticals and automotive.",8755700000.0,Alan Tsuma,ISA Sign Expo 2025,Best Fit,Low Fit,Best Fit,Best Fit,Avery Dennison Graphics Solutions x Trade Show Growth Opportunity,"Subject: Exploring Collaborative Opportunities in Weather-Resistant Graphic Film Applications

Hi Alan Tsuma,

I hope this email finds you well. My name is Aditi Rani Uppari and I am with DuPont Tedlar, a global leader in materials science and digital identification solutions. Our expansive footprint spans over 50 countries, employing approximately 35,000 professionals worldwide, and generating over $8,755,700,000 annually.

Our core mission is to make possible products and solutions that not only optimize supply chain efficiency and labor, but also enhance branding and information solutions. We strive to reduce waste, advance sustainability, and promote circularity and transparency. Our innovative solutions, including labeling and functional materials, RFID inlays and tags, and software applications, bridge the gap between the physical and digital, elevating the customer experience.

Our company has a strong presence in various industries around the globe, including home and personal care, apparel, general retail, e-commerce, logistics, food and grocery, pharmaceuticals, and automotive.

Considering Avery Dennison's esteemed reputation in the films, graphics, and signage industry, we see a strong match between our companies. We believe a collaboration could yield significant advancements in weather-resistant graphic film applications.

I would be delighted to discuss further potential synergies between DuPont Tedlar and Avery Dennison Graphics Solutions. Perhaps we could arrange a time to meet at the upcoming ISA Sign Expo 2025 or at your convenience?

Looking forward to your response.

Best Regards,
Aditi Rani Uppari
DuPont Tedlar"
Cimpress plc,"printing, signage",cimpress.com,"10,001+ ","Cimpress plc (Nasdaq: CMPR) invests in and builds customer-focused, entrepreneurial, mass-customization businesses for the long term. Mass customization is a competitive strategy which seeks to produce goods and services to meet individual customer needs with near mass production efficiency. 

Cimpress is a strategically-focused group of more than a dozen businesses, each operating in a largely autonomous manner other than as it relates to the select few shared strategic and corporate activities that we maintain centrally.

Cimpress businesses include Drukwerkdeal, Exaprint, National Pen, Pixartprinting, Printi, Vistaprint and WIRmachenDRUCK. 
 
Founded by Robert Keane, who remains President & CEO today, the company has been passionate about empowering people to make an impression through individually meaningful, personalized physical products for more than 20 years. 
 
To learn more, visit http://www.cimpress.com.",3290000000.0,Shawn Burdick,ISA Sign Expo 2025,Best Fit,Low Fit,Best Fit,Best Fit,Cimpress plc x Trade Show Growth Opportunity,"Subject: Exploring Collaboration Opportunities for Weather-Resistant Graphic Film Applications

Hi Shawn Burdick,

I hope this email finds you well. My name is Aditi Rani Uppari and I represent DuPont Tedlar, a global leader in the development and production of high-performance materials.

Having studied Cimpress' impressive portfolio, inclusive of Drukwerkdeal, Exaprint, National Pen, Pixartprinting, Printi, Vistaprint and WIRmachenDRUCK, I admire your commitment to customer-focused, entrepreneurial, mass-customization strategies. Your company's accomplishments in the past 20 years under the leadership of Robert Keane are indeed commendable.

I am reaching out today to discuss potential opportunities for collaboration. At DuPont Tedlar, we have developed a range of weather-resistant graphic film applications that I believe could complement and enhance your product offerings. Our products are designed to withstand various weather conditions, making them a perfect fit for outdoor signage and printing applications - a key aspect of your business. 

Given the size and market influence of Cimpress plc, coupled with your annual revenue of over $3,290,000,000, there's a strong match and significant potential for a mutually beneficial partnership.

I will be attending the ISA Sign Expo 2025 and would welcome the opportunity to discuss this further in person. Alternatively, I would be glad to arrange a call or video meeting at your earliest convenience. 

Could you let me know a suitable time for us to delve deeper into this potential collaboration?

I look forward to your positive response and to the prospect of working together.

Best regards,

Aditi Rani Uppari
DuPont Tedlar"
Muller Martini,"printing, finishing systems",mullermartini.com,1001-5000,"Muller Martini is a leading global manufacturer of innovative print finishing systems for the industrial production of brochures, magazines and books. Our highly specialized staff supports customers with a high level of consulting expertise on their way to digital transformation through to the smart factory. A modular platform combined with the intelligent workflow solution Connex results in a system offering that can grow with your needs.

Founded in Switzerland in 1946, our independent family business is the market leader in the development and production of industrial system solutions for the graphic arts industry, with our own sales and service companies on all key markets. The Muller Martini Group employs over 1,300 people worldwide and has production plants in the USA and Europe.

Flexible, cost-effective, and fully integrated cutting-edge technology, linked with the global MMServices range, helps customers meet the challenges of today and tomorrow and produce attractive print products.",0.0,Dan Denue,PRINTING United Expo,Mid Fit,Best Fit,Low Fit,Low Fit,Let's connect after Muller Martini's showcase at the event,"Subject: Exploring Collaborative Opportunities for Innovative Graphic Film Applications

Hi Dan Denue,

I hope this message finds you well. My name is Aditi Rani Uppari, and I am reaching out on behalf of DuPont Tedlar.

As a leading provider of weather-resistant graphic films, we've been closely noting the strides Muller Martini has been making in the print finishing systems industry. Your company’s commitment towards digital transformation and the development of highly specialized, cost-effective solutions is inspiring.

Given your company's status as a market leader, coupled with our expertise in producing high-quality, weather-resistant graphic films, we believe there is a significant opportunity for a potential collaboration. Our graphic film applications would complement your existing portfolio, providing a robust solution for your customers who require durable and attractive print products.

We will be attending the PRINTING United Expo, and it would be a fantastic opportunity to discuss this potential synergy further. Could we arrange a time to meet during the event, or perhaps a preliminary phone call before the Expo?

I am confident that a partnership between DuPont Tedlar and Muller Martini could result in a mutually beneficial growth opportunity, and I am eager to explore this possibility with you.

Looking forward to your response.

Best Regards,

Aditi Rani Uppari
DuPont Tedlar"
Air and Water Systems,industrial printing environments,airandwatersystems.com,,,,,PRINTING United Expo,Mid Fit,Low Fit,Low Fit,Low Fit,Let's connect after Air and Water Systems's showcase at the event,"Subject: Exploring Opportunities for Collaboration at PRINTING United Expo

Hi there,

I hope this email finds you well. My name is Aditi Rani Uppari from DuPont Tedlar, a leading provider of durable, weather-resistant graphic film solutions.

I am reaching out to you because of your notable presence in the industrial printing environments industry. As a key player, Air and Water Systems has a strong market presence and is renowned for its commitment to quality and innovation. We believe there might be a potential opportunity for collaboration between our two companies.

As you may be aware, DuPont Tedlar is constantly seeking to form strategic partnerships to further enhance our offerings. We understand the importance of durability and weather resistance in the industrial printing environment, and we believe our innovative graphic film applications could be of significant benefit to your operations.

I am planning to attend the upcoming PRINTING United Expo and thought it would be an excellent opportunity for us to meet in person or virtually to discuss this potential partnership further. We are confident that a collaboration between DuPont Tedlar and Air and Water Systems could pave the way for mutual growth and success.

Would you be available for a brief meeting during the expo, or at a time that is convenient for you? 

I look forward to hearing from you soon.

Best Regards,

Aditi Rani Uppari
DuPont Tedlar"
SinaLite,wholesale printing ,sinalite.com,51-200,"SinaLite is a B2B wholesale print service provider exclusively catering to the needs of trade customers and resellers such as printers, print brokers, signs shops, and more. Our focus is simple; we deliver the highest industry standard print products with dedicated customer service. 

We empower our customers to:

• Maximize their print profits by lowering production costs
• Save time with instant quotes and blind shipping
• Become a one-stop print shop that offers 1,000+ types of products

Maximize your print profits today with SinaLite!

 2025Regional Finalistin the Canada's Best Managed Companies Program",0.0,Valerie Rother,PRINTING United Expo,Mid Fit,Mid Fit,Low Fit,Mid Fit,Let's connect after SinaLite's showcase at the event,"Subject: Exploring New Avenues for Collaboration with DuPont Tedlar

Hi Valerie Rother,

I hope this email finds you well. My name is Aditi Rani Uppari and I am reaching out on behalf of DuPont Tedlar, a global leader in durable and weather-resistant graphic films.

I recently had the opportunity to learn more about SinaLite and was impressed by your commitment to deliver high industry standard print products with dedicated customer service. Your company's focus on maximizing print profits and saving time for your clients aligns with our mission at DuPont Tedlar.

Given our shared commitment to quality and service, I believe there may be a great potential for collaboration between DuPont Tedlar and SinaLite. Our weather-resistant graphic films could be an excellent addition to your extensive range of products, providing your clients with even more options to meet their unique needs.

I understand that SinaLite will be attending the PRINTING United Expo. Would it be possible to arrange a meeting during the event to discuss potential collaboration opportunities? Alternatively, we could schedule a virtual meeting at a convenient time for you.

I am confident that a partnership between DuPont Tedlar and SinaLite can yield mutual benefits, and I look forward to exploring these possibilities with you.

Thank you for considering this potential partnership. I eagerly await your response.

Best Regards,

Aditi Rani Uppari
DuPont Tedlar"
Scodix,digital printing enhancement,scodix.com,51-200,"Scodix Ltd. is a leading provider of digital print embellishment solutions for the Graphic Arts industry, giving print service providers and converters real, measurable added value to the products they deliver to their customers. Scodix gives you the tools you need to expand your product portfolio to put you one step ahead of the competition. Through our Scodix S Series, Scodix Ultra series, and Scodix E106 press, we offer a range of applications including:  Scodix Sense with exceptional tactile results for embosomed effects, Scodix Foil utilizing all types of foil, Scodix Spot for silkscreen effects, Scodix VDP/VDE (with barcode) for personalization, and Scodix Metallic, Scodix Glitter and Scodix Braille. What’s more, all Scodix applications are manufactured on a single Scodix digital enhancement press.

The company’s aim is to lead print enhancement into the digital age and to be known for its passion and commitment to providing what our customers need the most – true brand differentiation for today’s highly competitive printing environment. For more information please visit www.scodix.com",32140000.0,Ifat Muki,PRINTING United Expo,Mid Fit,Mid Fit,Mid Fit,Mid Fit,Let's connect after Scodix's showcase at the event,"Subject: Potential Collaboration Opportunity Between DuPont Tedlar and Scodix Ltd.

Hi Ifat Muki,

I hope this email finds you well. My name is Aditi Rani Uppari from DuPont Tedlar, a trusted provider of long-lasting, weather-resistant graphic films.

While researching leading companies in the digital print embellishment sector, Scodix caught my attention. Your commitment to providing true brand differentiation in the highly competitive printing environment aligns well with our ethos at DuPont. With your impressive array of products from the Scodix S series, Scodix Ultra series, and Scodix E106 press, we see a good potential match for a collaboration.

At DuPont Tedlar, we believe that our weather-resistant graphic film applications could bring added value to your digital print embellishment solutions, providing durability and longevity to your already superior product range. This could potentially give your clients an even greater competitive edge in their respective markets.

Given the synergies between our companies, I am writing to explore a potential collaboration. I am confident that combining our resources and expertise can lead to innovative solutions that further push the boundaries of the digital print enhancement industry.

We will be attending the upcoming PRINTING United Expo and would welcome the opportunity to discuss this further. Would you be available for a meeting during the event, or perhaps at a more convenient time for you?

Looking forward to your response.

Best regards,

Aditi Rani Uppari
DuPont Tedlar"
Soyang Europe,"printing, digital media, wide-format",soyang.co.uk,11-50,"Soyang Europe is a leading supplier of digitally printable media for a broad range of industries including the wide format and super wide outdoor, retail POS, flag and signage sectors. Located in Altham, Lancashire, the company utilises a warehouse that holds stock of in excess of 1.3 million sq metres of material to distribute premium European and American manufactured products alongside a variety of innovative substrates produced by its high end Far Eastern partners, on a next day service. 

Formed in 2005 as a subsidiary of Soyang Technologies Co Ltd, China, the company strives to deliver ‘best in class’ textile, banner, wall and floor covering substrates from carefully selected partners that offer innovative, creative and - wherever possible - solutions that exceed environmental requirements for display companies in the UK and Ireland.",0.0,Daniel Dimambro,Sign & Digital UK 2025,Mid Fit,Low Fit,Low Fit,Low Fit,Let's connect after Soyang Europe's showcase at the event,"Subject: Exploring Synergies Between DuPont Tedlar and Soyang Europe

Hi Daniel Dimambro,

I hope this message finds you well. My name is Aditi Rani Uppari and I represent DuPont Tedlar, a leading manufacturer of durable and weather-resistant graphic film solutions.

I recently came across Soyang Europe and was impressed by your strong market presence and commitment to delivering innovative and environmentally friendly solutions in the wide-format, retail POS, flag, and signage sectors. Your extensive stock capacity and next-day service truly set you apart in the industry.

In light of your company's ethos and our shared dedication to quality and innovation, I believe there is a significant potential for collaboration between DuPont Tedlar and Soyang Europe. Our weather-resistant graphic film applications could complement your product range, offering your customers additional value and durability, particularly in wide and super-wide outdoor applications.

I understand that Soyang Europe will be attending the Sign & Digital UK 2025 event. Would it be possible for us to arrange a meeting during the event to discuss potential avenues for collaboration? Alternatively, I am open to arranging a call prior to the event if that would be more convenient for you.

Thank you for considering this opportunity. I am confident that a partnership between DuPont Tedlar and Soyang Europe could yield significant benefits for both our companies and your clientele.

I look forward to your response and the possibility of working together.

Best Regards,

Aditi Rani Uppari
DuPont Tedlar"
Vivid Laminating Technologies,"printing, laminating films",vivid-online.com,11-50,"Europe's leading Designers & Manufacturers of Laminating Machines and Supplier of the Year 2016: British Association for Print and Communication (BAPC).

For many years, we've been leading the world of lamination with the most innovative designs in the marketplace by listening to our customer's requirements.

As specialists of award-winning systems, we have developed a range of laminating solutions for every market and application;

Easymount Wide Format Laminators: Hot thermal and cold roll film laminating machines. Perfect for the graphics & signage industry to laminate signs, roll-up & pop-up displays, floor graphics, vehicle wraps, POS displays, posters and exhibition graphics.

Matrix Single Sided Laminators: Ideal for high quality single side lamination of business cards, flyers, book covers, greetings cards and much more. Available as automatic and semi automatic options.

Matrix Duo Dual Side Laminators: Allows the flexibility of single side lamination and encapsulation providing an affordable and effective solution to outsourcing.

Linea Encapsulation Laminators: Encapsulating involves heat activated thermal film being applied on both sides of the print. The finished result is trimmed to leave a clear border around the edge of the print, therefore encapsulated.

Peak Pouch Laminators: Small laminators that are big on quality. Pouch laminators are quick and easy to use and are a great way to protect documents.

We also design and manufacture the Magnum range of binding systems, available in comb, wire & coil options.

Our range of Trimfast paper trimmers, ream cutters, board cutters & multi-substrate cutters give a precise, neat cut every time in a whole range of materials.

And finally, our Boss premium brand laminating film and laminator pouches and Imagemaker binding supply ranges are the perfect partners to our laminating and binding solutions.

So if you're looking to improve your finishing, start by calling us.",775586000.0,Lewis Evans,Sign & Digital UK 2025,Mid Fit,Low Fit,Best Fit,Low Fit,Let's connect after Vivid Laminating Technologies's showcase at the event,"Subject: Exploring Collaborative Opportunities in Graphic Film Applications

Hi Lewis Evans,

I hope this email finds you well. My name is Aditi Rani Uppari from DuPont Tedlar, a global leader in delivering top-notch, weather-resistant films for a variety of industries.

I recently came across Vivid Laminating Technologies and was thoroughly impressed by your reputation as Europe's leading designers and manufacturers of laminating machines. Your remarkable achievement as the Supplier of the Year 2016 by the British Association for Print and Communication (BAPC) and your extensive range of innovative laminating solutions—from your Easymount wide format laminators to the Matrix duo dual side laminators—speaks volumes about your commitment to quality and innovation.

At DuPont Tedlar, we have a long history of developing durable, weather-resistant graphic films that could potentially enhance the longevity and durability of your laminated products. I believe our product could be an excellent addition to your existing suite of laminating solutions, thereby providing your clients with an even wider range of high-quality options.

Given your impressive presence at the forthcoming Sign & Digital UK 2025 event and our shared dedication to delivering top quality laminating solutions, I am confident that a collaboration between DuPont Tedlar and Vivid Laminating Technologies could be mutually beneficial.

I would relish the opportunity to explore this potential synergy further. Could we arrange a meeting at your earliest convenience to discuss how we might collaborate in this exciting venture? 

Thank you for considering this proposal. I look forward to the possibility of working together.

Kind Regards,

Aditi Rani Uppari
DuPont Tedlar"
SwissQprint,"printing, large-format printers",swissqprint.com,51-200,swissQprint is a company based out of Switzerland.,0.0,Guy Flüeli,Sign & Digital UK 2025,Mid Fit,Mid Fit,Low Fit,Mid Fit,Let's connect after SwissQprint's showcase at the event,"Subject: Exploring Potential Collaboration Around Weather-Resistant Graphics

Hi Guy Flüeli,

I hope this message finds you well. My name is Aditi Rani Uppari and I represent DuPont Tedlar, a leading provider of high-performance films and surface protection solutions.

I came across SwissQprint during my research on innovative companies in the large-format printing industry. Your strong market presence and commitment to delivering high-quality printing solutions have caught my attention.

Given your industry expertise and our innovative weather-resistant graphic film applications, I believe there could be a good potential match for collaboration between our companies. Our durable and versatile films could significantly enhance the longevity and visual appeal of your large-format prints, providing a competitive edge in the market.

I'm particularly interested in discussing this potential further in the context of the upcoming Sign & Digital UK 2025 event. I believe this event could provide an excellent opportunity for us to explore synergies and discuss how we could work together.

Would you be open to scheduling a call or meeting to discuss the potential collaboration between DuPont Tedlar and SwissQprint? I am confident that this partnership could result in a win-win situation for both of us.

Looking forward to hearing from you.

Best regards,
Aditi Rani Uppari
DuPont Tedlar"
Hybrid Services,"printing, digital printing solutions",hybriditservices.com,11-50,"HYBRID IT is a source provider of Professional Business Services to corporate and government clients related to Information technology, both on domestic & and international levels. Founded in 2007, and Registered in Arizona, United States, it not only provides efficient solutions to businesses in the US but also assists its clients in Europe and the Middle East region, mainly in Dubai, Kuwait & and the Kingdom of Saudi Arabia. These services include Information Technologies, Internet Marketing, Search Engine Optimization, Customized Software Development, and Business Process Outsourcing at very competitive rates & and time frames. These services are being rendered in standalone and bundled packages, which may cover two or more services to facilitate the needs of clients better.

Mission Statement

To be extensively competitive in providing Professional business services solutions in the current challenging markets that would mark HYBRID to be the remarkable as well as the most reliable business associate & and service provider with the clients.

• Winning the trust of the Client so that it feels proud to be our client.
• Adhering to the timelines in accordance with the deadlines.
• Cost and time effective solution developments for clients.
• Capitalizing on the current client pool to extend our services to more businesses.
• Formulating and standardizing the Company with the modern standards of perfection in the Information technology industry.",0.0,Mujtaba Ali,Sign & Digital UK 2025,Mid Fit,Low Fit,Low Fit,Low Fit,Let's connect after Hybrid Services's showcase at the event,"Subject: Exploring Synergies in Weather-Resistant Graphic Film Applications

Hi Mujtaba Ali,

I hope this message finds you well. I am Aditi Rani Uppari, the representative of DuPont Tedlar. We specialize in the production of high-performance materials utilized in a variety of industries, including graphic films that provide unparalleled weather resistance.

While reviewing potential collaborators in the digital printing solutions industry, I was impressed by Hybrid Services' commitment to providing professional business services solutions and your significant market presence. Given your company's extensive experience in Information Technologies, Internet Marketing, and Customized Software Development, I believe there's an exciting opportunity for us to collaborate.

At DuPont Tedlar, we have been developing advanced materials with unique properties that could significantly enhance the durability and lifespan of printed materials. We believe that integrating our weather-resistant graphic films into your digital printing solutions could bring a competitive edge to your offerings, providing additional value to your clients in the US, Europe, and the Middle East.

I noticed that Hybrid Services will be attending the Sign & Digital UK 2025 event. It would be a great opportunity for us to discuss this potential collaboration in person. Alternatively, we could arrange a virtual meeting at your earliest convenience.

I am confident that a partnership between DuPont Tedlar and Hybrid Services could lead to innovative solutions, benefiting both of our companies and our clients. 

Could we arrange a time for a more in-depth conversation on this topic?

Looking forward to your positive response.

Best Regards,

Aditi Rani Uppari
DuPont Tedlar"
Roland DG,"printing, wide-format printers, graphics",rolanddg.com,1001-5000,"With the purpose of “To Empower Creativity and Excitement Worldwide,” Roland DG Corporation strives to bring new opportunities to society through digital solutions that make it easy for anyone to create things. The company’s inkjet printers and printer/cutters are widely used in a variety of visual communication fields, including signage and interior decoration. In the digital fabrication field, our inkjet printers, cutting machines, and 3D digital fabrication tools enable the personalization and customization of items tailored to individual customer needs. By adopting a high-mix, low-volume, on-demand approach, Roland DG aims to create new applications. Recently, Roland DG has further expanded the digital transformation frontier. The company provides a cloud-based service to enhance customers’ printing operations and profitability and a cloud-based production improvement solution offering the expertise of its proprietary production support system for small and medium-sized manufacturers.",0.0,David Koepke,Sign & Digital UK 2025,Best Fit,Best Fit,Low Fit,Best Fit,Roland DG x Trade Show Growth Opportunity,"Subject: Exploring Collaborative Opportunities in Weather-Resistant Graphic Film Applications

Hi David Koepke,

I hope this message finds you well. I am Aditi Rani Uppari, representing DuPont Tedlar. Our company is renowned for developing top-tier, weather-resistant graphic film solutions that uphold the longevity and vibrancy of printed materials.

I am reaching out to you because I see a significant opportunity for our companies to collaborate. Roland DG's strong foothold in the printing and graphics industry, coupled with your commitment to empowering creativity worldwide, aligns seamlessly with our objectives at DuPont Tedlar. 

In particular, your high-mix, low-volume, on-demand approach reflects a shared understanding of the evolving needs of our customer base. Additionally, your recent foray into digital transformation and cloud-based services resonates with our drive to innovate and adapt in our fast-paced industry.

With the upcoming Sign & Digital UK 2025 event, I believe it would be an excellent platform for us to explore how our weather-resistant graphic film applications could enhance Roland DG's offerings, particularly in the signage and interior decoration sectors.

Given the strong match between our companies, I am confident that a partnership could lead to mutually beneficial outcomes, further solidifying our market presence and driving innovation in our respective fields.

Would you be open to a brief call or meeting to discuss potential synergies between DuPont Tedlar and Roland DG? I am flexible with timings and available at your earliest convenience.

Thank you for considering this potential collaboration. I look forward to your response.

Best regards,

Aditi Rani Uppari
DuPont Tedlar"
Everylite,signage,everylite.com,11-50,"Your vision, Our canvas. Everylite crafts LED solutions to translate your ideas into vibrant realities.",0.0,,ISA Sign Expo 2025,Best Fit,Low Fit,Low Fit,Low Fit,Let's connect after Everylite's showcase at the event,"Subject: Exploring Collaboration Opportunities in LED Signage Solutions

Hi there,

I hope this message finds you well. My name is Aditi Rani Uppari, representing DuPont Tedlar, a leading manufacturer of high-performance materials with a reputation for quality and durability.

I recently came across Everylite and was impressed by your innovative LED solutions. Your company's vision of transforming ideas into vibrant realities is truly remarkable and aligns well with our commitment to enhancing the durability and longevity of these realities.

Our weather-resistant graphic film applications are designed to withstand harsh environmental conditions, thereby ensuring that the vibrancy and clarity of your signage is retained for a longer period. This, I believe, can elevate the value proposition of your offerings and help you gain a competitive edge in the market.

Considering Everylite's strong market presence and our mutual interest in providing superior signage solutions, I see a good potential match for collaboration. 

DuPont Tedlar is participating in the upcoming ISA Sign Expo 2025, and it would be a great opportunity for us to discuss this potential collaboration further. 

Could we schedule a time during the Expo to meet and explore ways our companies can work together to further enhance the durability and appeal of LED signage solutions? 

I look forward to hearing from you soon.

Best Regards,
Aditi Rani Uppari"
Case Paper + Case Makes,,casepaper.com,201-500,"As one of the largest paper merchants and converters backed by mills in the U.S., we’ve got what you need. With 7 locations across the nation, we offer a massive, high-quality inventory with virtually any paper stock you could need, the equipment and know-how to cut them to custom sizes, and the distribution infrastructure to get your order to you ASAP!

So, whether you’re a commercial printer, folding carton company, potential employee, paper aficionado, or just bored, give us a call at 1-888-CASE-1ST. We’re always happy to talk, plus we have lots of opinions on various subjects: How Boston sports teams are too good, how Game of Thrones should have ended, our idea for a Fyre Festival that’s not a scam… What were we talking about? Oh, right. Paper (and paperboard).",240000000.0,Kenneth Gettlin,PRINTING United Expo,Low Fit,Mid Fit,Best Fit,Low Fit,Let's connect after Case Paper + Case Makes's showcase at the event,"Subject: Exploring Weather-Resistant Graphic Film Applications Together 

Hi Kenneth Gettlin,

I hope this message finds you well. My name is Aditi Rani Uppari, representing DuPont Tedlar. We specialize in advanced material science and I've been following Case Paper + Case Makes' impressive trajectory in the industry.

Your company, with its diverse inventory and paper customization capabilities, has made a significant impact in the U.S. market. Your annual revenue of over $240 million and the extensive presence across seven locations are a testament to the quality and reliability you offer to your clients.

DuPont Tedlar is interested in exploring potential collaborations around weather-resistant graphic film applications. Our material expertise combined with your paper know-how could result in innovative solutions that help to meet the ever-evolving needs of our consumers.

I am aware that PRINTING United Expo is coming up, and I believe it would be a great opportunity for us to meet and discuss this prospect more in-depth. What do you think about connecting there? Alternatively, we could arrange a call or video meeting at your convenience.

Looking forward to your response and the potential of a mutually beneficial partnership.

Best regards,

Aditi Rani Uppari
DuPont Tedlar"
